,0,1,2,3
0,1,-0.24795103073120117,-0.35601606965065,/home/magali/CV4Ecology-summer-school/PrototypeCroppedImages/PrototypeCroppedImages_Sex_Val/1207_cropped.jpg
1,1,0.8224819302558899,-0.019356586039066315,/home/magali/CV4Ecology-summer-school/PrototypeCroppedImages/PrototypeCroppedImages_Sex_Val/1308_cropped.jpg
2,1,-0.06145886331796646,0.2001487910747528,/home/magali/CV4Ecology-summer-school/PrototypeCroppedImages/PrototypeCroppedImages_Sex_Val/423_cropped.jpg
3,1,0.31337282061576843,0.08816336840391159,/home/magali/CV4Ecology-summer-school/PrototypeCroppedImages/PrototypeCroppedImages_Sex_Val/1497_cropped.jpg
4,1,0.2985069751739502,-0.42488324642181396,
5,0,0.39710745215415955,-0.0028390325605869293,
6,1,-0.5839607119560242,-0.002630166709423065,
7,1,-0.9380908608436584,-0.5019428730010986,
8,0,1.068206787109375,0.6716142892837524,
9,1,0.23573070764541626,0.012710027396678925,
10,0,0.473370760679245,0.23293492197990417,
11,0,0.07598866522312164,0.13200676441192627,
12,0,1.0973358154296875,0.18628212809562683,
13,0,-0.5220227241516113,0.485394686460495,
14,1,-0.3794366419315338,0.2807750999927521,
15,1,-0.48462992906570435,0.03452873229980469,
16,1,-0.033497150987386703,0.38663172721862793,
17,0,-0.12367875874042511,-0.027551718056201935,
18,0,0.5672022104263306,-0.23496243357658386,
19,1,-0.18488264083862305,-0.2673524022102356,
20,1,0.7220881581306458,-0.2131788730621338,
21,1,-0.12886105477809906,0.10503717511892319,
22,0,0.3508005142211914,-0.4599272608757019,
23,0,0.03794138506054878,0.18079176545143127,
24,1,-0.3152426481246948,0.1754370927810669,
25,1,-0.22623011469841003,-0.29648756980895996,
26,1,0.2506844997406006,-0.09046225994825363,
27,1,0.10370416939258575,-0.4620635509490967,
28,0,-0.16457749903202057,-0.3497353494167328,
29,1,-0.010878216475248337,0.3462933897972107,
30,0,0.07374915480613708,0.13642796874046326,
31,0,0.0611269511282444,0.326949805021286,
32,1,0.14122739434242249,-0.18522098660469055,
33,1,0.546276330947876,-0.31905442476272583,
34,1,-0.0014787279069423676,0.8951056003570557,
35,1,0.47096237540245056,-0.12180424481630325,
36,1,-0.11379532516002655,-0.3141390085220337,
37,0,-0.18546642363071442,-0.0728297233581543,
38,0,0.3186158537864685,0.2931739091873169,
39,0,0.34305450320243835,0.30426332354545593,
40,0,0.5217742919921875,0.302960604429245,
41,0,0.08319026231765747,0.035850077867507935,
42,0,-0.11871759593486786,-0.18113163113594055,
43,1,0.29590144753456116,-0.17687895894050598,
44,1,-0.43766292929649353,-0.16739007830619812,
45,1,-0.02378540113568306,-0.12470642477273941,
46,0,0.4667879045009613,0.17848768830299377,
47,1,0.12080815434455872,0.2375730574131012,
48,0,0.7419354319572449,0.7174018621444702,
49,1,0.3587725758552551,-0.14085674285888672,
50,0,-0.3551776111125946,-0.9352325201034546,
51,0,0.02057575061917305,-0.19578921794891357,
52,0,0.6161606311798096,-0.15607166290283203,
53,0,0.7727519869804382,0.6895545125007629,
54,1,-0.09737202525138855,0.10287614911794662,
55,1,0.4306713342666626,0.14089679718017578,
56,0,-0.04260395094752312,-0.13592231273651123,
57,0,0.6036570072174072,0.5322310924530029,
58,1,0.016416676342487335,-0.05602956563234329,
59,1,0.17987966537475586,-0.27457430958747864,
60,0,-0.07823556661605835,-0.26733386516571045,
61,1,0.5590161681175232,0.2283446490764618,
62,0,0.15338438749313354,-0.4114406406879425,
63,0,0.47837987542152405,-0.0034141764044761658,
64,1,0.19030970335006714,0.36577099561691284,
65,1,-0.6186345815658569,-0.24679648876190186,
66,0,0.7596676349639893,0.06153082102537155,
67,1,0.04667383059859276,0.5115928649902344,
68,0,0.6476009488105774,0.42690154910087585,
69,0,0.8018525242805481,0.07392527908086777,
70,1,0.725297749042511,-0.0016783066093921661,
71,1,0.015821140259504318,-0.0018916800618171692,
72,1,-0.07135330140590668,-0.20163589715957642,
73,0,0.10482293367385864,-0.15857073664665222,
74,1,0.48384740948677063,0.0217059925198555,
75,0,0.5087066292762756,-1.1630362272262573,
76,1,0.1121862530708313,-0.07709941267967224,
77,1,-0.2120743989944458,0.17374631762504578,
78,1,0.08430419862270355,0.20343652367591858,
79,1,0.6719839572906494,0.5643091201782227,
80,0,0.41445109248161316,-0.11777351051568985,
81,0,0.6905437111854553,0.06768996268510818,
82,0,0.28085824847221375,-0.535692036151886,
83,1,0.03167713060975075,0.6307578682899475,
84,0,0.4199760854244232,0.3653649687767029,
85,1,-0.35567978024482727,-0.013442382216453552,
86,1,-0.19906961917877197,0.10076259821653366,
87,1,-0.07694445550441742,-0.16828760504722595,
88,0,-0.09280794858932495,-0.19340497255325317,
89,1,0.007684800773859024,-0.15675053000450134,
90,0,1.316629409790039,0.6116279363632202,
91,1,1.0050740242004395,0.5604484677314758,
92,1,0.5276139378547668,-0.1386902928352356,
93,0,0.32358866930007935,-0.28141164779663086,
94,1,0.40458616614341736,0.06837845593690872,
95,0,-0.13817951083183289,-0.5402072668075562,
96,0,0.5698626041412354,-0.42536553740501404,
97,1,0.3041072487831116,0.3813406825065613,
98,0,0.3627912998199463,0.6434122323989868,
99,1,0.13593456149101257,-0.1521209180355072,
100,1,0.12327761948108673,0.13834771513938904,
101,1,-0.12828923761844635,0.21649789810180664,
102,1,-0.37236106395721436,-0.3880665600299835,
103,1,-0.3125235140323639,0.1905498504638672,
104,1,-0.47546714544296265,0.36889439821243286,
105,0,0.5672335028648376,-0.2080320119857788,
106,0,0.19124245643615723,-0.14484894275665283,
107,0,0.9493945837020874,0.04767142981290817,
108,1,-0.24123606085777283,0.0024039261043071747,
109,1,0.2587833106517792,-0.262035071849823,
110,0,1.0994172096252441,0.5963215827941895,
111,1,-0.3891575038433075,-0.12768802046775818,
112,0,0.4541260600090027,0.022365234792232513,
113,1,-0.05786937102675438,-0.5784652829170227,
114,1,0.26222148537635803,0.025509119033813477,
115,1,-0.0007853992283344269,-0.1912015676498413,
116,1,0.4945419132709503,-0.19991561770439148,
117,0,0.36628958582878113,0.6465587615966797,
118,1,-0.4326496124267578,0.22976082563400269,
119,0,0.5316187739372253,0.5496796369552612,
120,1,-0.18727312982082367,0.151391863822937,
121,0,0.20106178522109985,-0.18944373726844788,
122,0,0.1403241902589798,0.4123021364212036,
123,0,-0.2602495849132538,-0.5185688734054565,
124,0,-0.16928356885910034,-1.2712665796279907,
125,0,-0.27973052859306335,-0.42749089002609253,
126,1,0.6134440302848816,0.35466453433036804,
127,0,-0.30388519167900085,1.0698184967041016,
128,1,0.3024570643901825,-0.5518304705619812,
129,0,0.1637699007987976,0.508245050907135,
130,0,0.20450285077095032,0.4105382263660431,
131,0,0.23061701655387878,0.4396582841873169,
132,0,-0.07243421673774719,-0.16900697350502014,
133,0,0.30112800002098083,0.09529199451208115,
134,1,0.45805126428604126,-0.13431569933891296,
135,0,0.33026328682899475,-0.12260361760854721,
136,1,0.31651219725608826,0.1278972029685974,
137,0,0.588962972164154,-0.06296972185373306,
138,0,0.17179831862449646,0.3876316249370575,
139,0,0.2339724898338318,-0.6031438112258911,
140,1,0.31315624713897705,0.03155771642923355,
141,1,-0.3712545335292816,-0.17661967873573303,
142,0,0.9190002083778381,0.09893333166837692,
143,1,0.06596162915229797,0.3173999488353729,
144,1,0.7153820991516113,-0.6208174228668213,
145,1,0.7573961615562439,-0.26734840869903564,
146,0,-0.23397378623485565,0.29983946681022644,
147,0,-0.8845071196556091,-0.768997311592102,
148,0,0.24375471472740173,0.5475000143051147,
149,0,0.6179142594337463,0.12651076912879944,
150,0,0.23260602355003357,0.15986451506614685,
151,0,-0.07075076550245285,-0.44393232464790344,
152,1,0.3313221037387848,0.10677866637706757,
153,0,0.11247651278972626,0.39242613315582275,
154,1,-0.18111301958560944,0.2881781756877899,
155,0,0.22711244225502014,-0.26294708251953125,
156,0,-0.3305402994155884,-0.2243424355983734,
157,0,0.037994805723428726,-0.03661809116601944,
158,1,0.29921969771385193,0.09475556015968323,
159,1,0.23902541399002075,0.16384434700012207,
160,1,-0.4496268033981323,0.021917283535003662,
161,0,0.5685404539108276,-0.35509198904037476,
162,0,0.5806251764297485,0.16491660475730896,
163,1,-0.11937983334064484,-0.32461291551589966,
164,1,-0.6054693460464478,-0.35406693816185,
165,1,-0.35203462839126587,-0.3612141013145447,
166,0,0.19954709708690643,0.5369742512702942,
167,1,-0.32060492038726807,0.45550188422203064,
168,0,-0.2748667895793915,0.12377562373876572,
169,0,0.4507366120815277,-0.17700767517089844,
170,0,0.5964085459709167,-0.42412665486335754,
171,1,1.0778956413269043,0.34950798749923706,
172,0,0.6240901350975037,0.7646686434745789,
173,1,0.4602092206478119,-0.824167788028717,
174,1,0.3367028832435608,0.10529952496290207,
175,1,0.38559553027153015,0.07886016368865967,
176,0,0.5844449996948242,-0.11391041427850723,
177,0,-0.020259644836187363,0.0316183939576149,
178,0,-0.2069370001554489,-0.28014132380485535,
179,0,0.148421511054039,0.5931622982025146,
180,1,0.4351385831832886,0.2755297124385834,
181,1,-0.1564941108226776,0.12528082728385925,
182,1,0.12076932191848755,0.647185206413269,
183,0,0.1670050472021103,0.10693967342376709,
184,1,0.13749855756759644,0.1669846475124359,
185,0,-0.4071524143218994,0.04499585181474686,
186,0,0.5206376910209656,0.8415970802307129,
187,0,0.33509761095046997,-0.42393234372138977,
188,1,0.49114885926246643,0.6858494281768799,
189,1,0.2661886215209961,-0.252888023853302,
190,0,0.35406944155693054,0.3299851715564728,
191,1,0.9683762192726135,-0.060048021376132965,
192,0,0.3782275915145874,-0.03262972831726074,
193,1,-0.06116217002272606,-0.32379114627838135,
194,0,0.6159773468971252,-0.05864778906106949,
195,1,-0.23875343799591064,0.046030282974243164,
196,1,0.38221582770347595,0.006062120199203491,
197,1,-0.019160235300660133,-0.24662473797798157,
198,0,0.6003419756889343,0.09706461429595947,
199,1,0.017200108617544174,0.1513131856918335,
200,0,0.5419107675552368,0.6104329824447632,
201,0,0.023275841027498245,-0.056337617337703705,
202,1,-0.70299232006073,-0.4605921506881714,
203,0,0.7117767333984375,-0.00812319666147232,
204,0,0.8420644998550415,0.3673741817474365,
205,0,-0.04489922150969505,-0.03801129013299942,
206,0,0.3099192678928375,0.329567551612854,
207,0,0.40312740206718445,0.41516971588134766,
208,1,-0.05948890373110771,0.3052326440811157,
209,0,0.10330888628959656,-0.2045689821243286,
210,0,0.33516547083854675,-0.12458299845457077,
211,1,-0.418815553188324,-0.10788918286561966,
212,0,0.09532850980758667,0.011962097138166428,
213,1,0.1658535897731781,0.08719689399003983,
214,1,-0.04126032814383507,-0.02108573168516159,
215,0,0.300610214471817,-0.33314335346221924,
216,1,0.3473806381225586,0.04839538782835007,
217,1,-0.058859165757894516,-0.01612771302461624,
218,0,0.5805200934410095,0.19079583883285522,
219,1,-0.0009071193635463715,-0.1101812794804573,
220,1,0.23221930861473083,-0.06789470463991165,
221,1,0.10469327867031097,-0.16015416383743286,
222,0,0.5764310956001282,0.19220206141471863,
223,1,-0.38036373257637024,-0.44043654203414917,
224,1,0.24345281720161438,0.12999725341796875,
225,0,-0.020371995866298676,0.24325451254844666,
226,0,0.5665112733840942,-0.08893478661775589,
227,1,0.00564386323094368,-0.20015168190002441,
228,1,-0.03880305215716362,-0.0938582643866539,
229,0,0.26642265915870667,0.09562654048204422,
230,0,0.41844192147254944,0.06813843548297882,
231,0,0.495936781167984,-0.3220821022987366,
232,1,0.7614453434944153,0.10974878817796707,
233,1,-0.7600886821746826,0.44883373379707336,
234,0,0.5359198451042175,0.2032422423362732,
235,0,0.13342061638832092,-0.7186505198478699,
236,1,0.33555155992507935,-0.4703502058982849,
237,0,0.46502187848091125,0.29983168840408325,
238,0,0.08784830570220947,-0.46813052892684937,
239,1,0.041499245911836624,0.18564680218696594,
240,1,0.4807628095149994,0.13835032284259796,
241,1,0.3289598524570465,-0.3767019212245941,
242,1,-0.10704818367958069,0.00038662180304527283,
243,1,0.41982877254486084,0.13394445180892944,
244,1,0.17109549045562744,0.2886907458305359,
245,0,0.30958423018455505,-0.5195717811584473,
246,0,0.6112334132194519,0.01520315557718277,
247,1,0.7037132382392883,-0.4607580900192261,
248,1,0.1650553047657013,-0.14910459518432617,
249,1,-0.037894975394010544,-0.3023982644081116,
250,0,0.20073887705802917,-0.2515362799167633,
251,0,0.15548640489578247,0.0451493039727211,
252,0,0.2485351860523224,-0.32777923345565796,
253,1,0.5619310736656189,0.9306544065475464,
254,1,0.4402434229850769,0.40390917658805847,
255,0,0.013477589935064316,0.17957371473312378,
256,1,0.5529634952545166,-0.6858382225036621,
257,1,0.1839318722486496,0.4314124286174774,
258,1,0.5203881859779358,0.4491913318634033,
259,0,-0.07700046896934509,0.2590772211551666,
260,0,0.1119539737701416,0.2075684368610382,
261,0,0.5620117783546448,0.7453323006629944,
262,0,0.689839780330658,0.4893031418323517,
263,0,0.590836226940155,-0.3255830407142639,
264,0,0.751433789730072,-0.13080555200576782,
265,0,0.346688836812973,0.5417590141296387,
266,0,0.5951934456825256,0.4111791253089905,
267,0,0.3650994300842285,-0.06502307951450348,
268,0,0.40275129675865173,-0.3447693884372711,
269,1,-0.14487142860889435,0.05289093405008316,
270,1,0.28308412432670593,0.08549428731203079,
271,1,-0.22778920829296112,0.2274283766746521,
272,1,0.6306384801864624,-0.37310194969177246,
273,1,-0.029016759246587753,0.25131574273109436,
274,1,0.4380057752132416,0.7940184473991394,
275,1,-0.13346488773822784,-0.18541672825813293,
276,1,0.6501417756080627,0.29345083236694336,
277,0,-0.3633739650249481,-0.2517971396446228,
278,0,0.34476760029792786,-0.0026266202330589294,
279,1,0.48898521065711975,0.4410160779953003,
280,0,0.18686509132385254,-0.5206856727600098,
281,1,0.021856550127267838,0.5265227556228638,
282,1,-0.14457812905311584,0.06977315247058868,
283,1,0.41041305661201477,0.7800954580307007,
284,1,0.197727233171463,0.3088703155517578,
285,1,-0.017512936145067215,-0.1779780387878418,
286,1,0.8201714158058167,0.631393551826477,
287,0,0.06631782650947571,0.08318905532360077,
288,0,0.3600046932697296,-0.029197536408901215,
289,1,0.18519307672977448,0.17288610339164734,
290,0,0.04214103892445564,0.5262523293495178,
291,1,0.7990966439247131,1.0900214910507202,
292,0,-0.3511306643486023,-0.1480339765548706,
293,1,0.07245734333992004,-0.4642695188522339,
294,0,0.07358160614967346,-0.021632544696331024,
295,0,0.49018993973731995,0.0907205194234848,
296,0,0.6687484383583069,-0.5526100397109985,
297,0,-0.19946174323558807,0.06598400324583054,
298,0,0.9153993725776672,-0.05721793323755264,
299,1,0.472005158662796,-0.2192865014076233,
300,1,0.10730627179145813,-0.290004700422287,
301,1,0.16899767518043518,0.15767183899879456,
302,0,0.17379723489284515,-0.253428190946579,
303,0,0.23103287816047668,-0.263192355632782,
304,0,0.48445847630500793,0.011153541505336761,
305,1,0.5377640128135681,-0.7827216982841492,
306,1,0.14546836912631989,0.43311184644699097,
307,1,-0.03196847066283226,0.05484924092888832,
308,0,0.11846865713596344,-0.012011788785457611,
309,1,0.18015500903129578,-0.2208234965801239,
310,1,-0.410432904958725,-0.3954453766345978,
311,1,0.0483691431581974,-0.5184198021888733,
312,1,0.8340895175933838,-0.5953505635261536,
313,1,-0.22707590460777283,0.07526778429746628,
314,0,-0.15884490311145782,-0.27155548334121704,
315,0,0.5517983436584473,-0.7109047174453735,
316,1,-0.30526795983314514,-0.46096134185791016,
317,0,0.2978745996952057,0.004683248698711395,
318,1,-0.3139294981956482,0.06843212246894836,
319,0,0.4628261625766754,0.141227126121521,
320,1,0.5302219986915588,-0.12346182018518448,
321,1,0.9149397015571594,0.4717307984828949,
322,0,0.30643483996391296,-0.07554591447114944,
323,0,0.295991450548172,0.16961127519607544,
324,1,0.08279968798160553,-0.14231324195861816,
325,0,0.652114748954773,0.3574480712413788,
326,1,0.3748313784599304,0.3323683738708496,
327,0,0.22781118750572205,1.1652871370315552,
328,1,0.49975326657295227,-0.23893523216247559,
329,0,-0.26984506845474243,0.014489077031612396,
330,1,0.3406665027141571,-0.2121211588382721,
331,1,-0.7053621411323547,-0.3090980648994446,
332,0,0.753254234790802,0.2830880284309387,
333,0,0.4447278678417206,0.22793307900428772,
334,0,0.2705379128456116,-0.47576379776000977,
335,1,0.30941954255104065,-0.0973086729645729,
336,0,0.3096178472042084,-0.017764069139957428,
337,1,0.14946232736110687,-0.11686594039201736,
338,0,0.3928655982017517,-0.15044888854026794,
339,1,0.3119296133518219,-0.2174600064754486,
340,1,0.5770079493522644,0.44115278124809265,
341,1,0.2863091826438904,0.25745832920074463,
342,1,0.3714919686317444,0.3210773468017578,
343,0,0.06394682824611664,-0.16400137543678284,
344,0,0.14432737231254578,0.017550572752952576,
345,0,0.42772457003593445,0.03557225689291954,
346,0,0.7999462485313416,0.09718506783246994,
347,1,0.9258776903152466,0.5188320279121399,
348,1,0.2610926330089569,-0.5671437978744507,
349,0,0.23889702558517456,0.018933188170194626,
350,0,0.3119913339614868,-0.007374405860900879,
351,0,-0.08892691135406494,-0.14736443758010864,
352,0,0.41270357370376587,-0.12974855303764343,
353,1,1.0323665142059326,-0.27146321535110474,
354,0,0.16691316664218903,-0.019947849214076996,
355,0,0.035399291664361954,-0.5341525673866272,
356,1,0.16017580032348633,-0.07426143437623978,
357,0,0.23979488015174866,0.32545170187950134,
358,0,0.6439974308013916,0.24253055453300476,
359,0,0.15159177780151367,-0.20173367857933044,
360,1,-0.12478059530258179,0.3649442791938782,
361,0,-0.07672712206840515,0.35080432891845703,
362,0,0.25519970059394836,-0.6189801692962646,
363,1,0.147726908326149,-0.48106175661087036,
364,0,0.2984113395214081,0.11238943040370941,
365,0,0.31452295184135437,0.12578698992729187,
366,1,0.7833678126335144,-0.2824958860874176,
367,1,0.23085397481918335,0.20217499136924744,
368,0,0.6244401931762695,-0.037128008902072906,
369,0,-0.07590086758136749,0.1738615334033966,
370,0,0.3874143064022064,0.04925750941038132,
371,0,0.36227235198020935,0.2154662311077118,
372,0,0.12035572528839111,0.7298576831817627,
373,0,-0.03120708093047142,0.12962743639945984,
374,1,0.009596753865480423,0.2396920919418335,
375,0,0.3678765892982483,-0.5420105457305908,
376,1,0.9424706101417542,0.0513928160071373,
377,0,0.05001683905720711,0.9225236177444458,
378,0,0.039795245975255966,0.20648953318595886,
379,0,0.7214359641075134,0.009542234241962433,
380,1,0.7876787185668945,0.07937464863061905,
381,1,-0.18066361546516418,0.18607190251350403,
382,1,0.2760636508464813,-0.3558393120765686,
383,0,0.06968969106674194,0.45574936270713806,
384,0,-0.05633111670613289,-0.3864555060863495,
385,0,0.2557831108570099,-0.24231916666030884,
386,1,1.017714262008667,0.5084594488143921,
387,1,0.5457592606544495,-0.06889065355062485,
388,1,-0.15962563455104828,-0.19562983512878418,
389,0,0.3129270374774933,0.008326783776283264,
390,0,0.21096107363700867,-1.0537431240081787,
391,0,0.42486077547073364,-0.49474090337753296,
392,0,0.07518641650676727,0.21371537446975708,
393,1,0.6107409596443176,-0.3784250020980835,
394,1,-0.2242286503314972,0.052261702716350555,
395,0,-0.5590826869010925,-0.3046126663684845,
396,0,-0.3556695282459259,-0.3766787350177765,
397,0,-0.02143394574522972,0.5865034461021423,
398,0,0.024455849081277847,0.7151085734367371,
399,1,0.6090136766433716,0.4727919399738312,
400,0,0.4873504340648651,-0.16075429320335388,
401,1,0.47061672806739807,-0.04046734422445297,
402,1,0.06706064939498901,-0.7600070238113403,
403,1,0.4738718569278717,-0.27774420380592346,
404,0,-0.25958457589149475,-0.03167454153299332,
405,0,0.7193377017974854,0.5026296973228455,
406,1,0.5427799820899963,1.1463162899017334,
407,0,-0.053080614656209946,0.20114868879318237,
408,1,0.14189986884593964,0.17900368571281433,
409,0,1.1041711568832397,0.10934747010469437,
410,0,0.5970925092697144,-0.2732185125350952,
411,1,0.00949111208319664,-0.24304348230361938,
412,0,0.9242705702781677,0.4138837158679962,
413,1,0.4252047538757324,0.08606211096048355,
414,0,0.10824596881866455,-0.043183133006095886,
415,0,0.47471949458122253,0.3203343152999878,
416,0,0.5344427824020386,0.4467576742172241,
417,0,-0.06621144711971283,0.24384376406669617,
418,1,-0.29399165511131287,0.2235860824584961,
419,0,-0.2038014829158783,-0.5309144258499146,
420,1,-0.5528445243835449,-0.2213139832019806,
421,0,1.3576297760009766,-0.7162941694259644,
422,0,0.29908403754234314,0.5469317436218262,
423,1,0.18134598433971405,0.2023027539253235,
424,1,-0.23795101046562195,-0.8831882476806641,
425,1,-0.42385241389274597,0.01025480031967163,
426,1,0.5405359268188477,0.18249410390853882,
427,0,0.6390634179115295,0.43512001633644104,
428,0,0.798262894153595,0.24182233214378357,
429,0,0.051825184375047684,-0.07657935470342636,
430,0,-0.02761641889810562,0.09943672269582748,
431,0,0.23971232771873474,-0.16735652089118958,
432,0,0.12205137312412262,-0.26706475019454956,
433,0,0.6893776059150696,0.11628734320402145,
434,0,0.11702984571456909,-0.2906213700771332,
435,0,0.18382444977760315,0.6285755038261414,
436,1,0.0005172230303287506,0.06448710709810257,
437,1,0.4009886682033539,0.39501097798347473,
438,0,0.8636614680290222,0.2341642677783966,
439,0,0.44941774010658264,0.2040175199508667,
440,0,0.6333137154579163,0.5751601457595825,
441,1,-0.7024005651473999,-0.09692106395959854,
442,0,0.03529113903641701,0.08988692611455917,
443,0,-0.1342930942773819,-0.2809169888496399,
444,0,0.22248652577400208,-0.8314623832702637,
445,1,0.37503471970558167,-0.3147791028022766,
446,0,-0.7551094889640808,-0.43914246559143066,
447,0,0.32979872822761536,-0.6969820261001587,
448,0,0.6221798658370972,0.7010332345962524,
449,0,0.1148371696472168,-0.18002256751060486,
450,1,-0.08016207814216614,0.05238052085042,
451,0,0.3121632933616638,0.12935090065002441,
452,0,0.7733731865882874,0.44045591354370117,
453,1,-0.08813825249671936,-0.695908784866333,
454,0,-0.33509260416030884,-0.274603933095932,
455,0,0.3630209267139435,0.17014294862747192,
456,0,0.0011595524847507477,0.4239403009414673,
457,0,0.04281869903206825,0.0751095563173294,
458,0,0.5847943425178528,-0.08237864822149277,
459,0,-0.20195043087005615,0.31178197264671326,
460,1,0.08619610965251923,-0.5848520994186401,
461,1,-0.19657057523727417,-0.3552108108997345,
462,0,0.24513432383537292,0.31770163774490356,
463,1,0.3021482229232788,0.34856024384498596,
464,0,0.4177839756011963,-0.09665156155824661,
465,1,0.04693976417183876,0.28634482622146606,
466,1,-0.05386972799897194,0.1043606773018837,
467,0,0.41756877303123474,-0.30749931931495667,
468,1,0.07601326704025269,-0.2097904086112976,
469,1,0.24164870381355286,0.40355342626571655,
470,0,-0.09073686599731445,0.16869845986366272,
471,0,0.3086054027080536,0.20097357034683228,
472,0,0.2853550910949707,0.5805737972259521,
473,0,-0.20283667743206024,0.21279901266098022,
474,0,1.3651211261749268,0.06576825678348541,
475,1,-0.005405556410551071,-0.5607781410217285,
476,0,-0.05504823848605156,0.681652307510376,
477,1,0.146094411611557,-0.29264605045318604,
478,0,0.34586334228515625,-0.4983154535293579,
479,0,0.267743855714798,0.1333555281162262,
480,1,0.4164494276046753,-0.03804437071084976,
481,0,0.12471556663513184,0.38181546330451965,
482,0,0.6647400856018066,0.03462810069322586,
483,1,0.08125267922878265,-0.02620191127061844,
484,1,0.09722679853439331,0.26018279790878296,
485,0,0.3335990607738495,-0.6665107607841492,
486,1,0.18853919208049774,-0.05206675827503204,
487,0,0.3176129460334778,-0.07753775268793106,
488,0,-0.0599391870200634,0.31540703773498535,
489,0,0.5704473853111267,0.2003561556339264,
490,0,0.3517741858959198,0.16058307886123657,
491,1,0.1363133043050766,-0.2975201904773712,
492,1,0.05068938061594963,0.1900026798248291,
493,1,0.10731673240661621,-0.017910100519657135,
494,0,0.2534903585910797,-0.16235941648483276,
495,0,0.19156847894191742,-0.6163755655288696,
496,1,0.7050763964653015,-0.2769962251186371,
497,1,-0.05704442039132118,-0.41496601700782776,
498,1,0.12797413766384125,-0.5691648721694946,
499,0,0.006739076226949692,0.02421126514673233,
500,1,0.7594919800758362,0.15748724341392517,
501,0,0.6191442012786865,0.6536281704902649,
502,1,0.5598666667938232,-0.5382286906242371,
503,0,0.2587953805923462,0.31406766176223755,
504,1,-0.7113402485847473,-0.1580585241317749,
505,0,0.012236624956130981,-0.05097060650587082,
506,0,0.4064740836620331,-0.09326087683439255,
507,0,0.3728238046169281,-0.16396093368530273,
508,1,0.07430732250213623,0.3273282051086426,
509,0,0.5121160745620728,0.07134903222322464,
510,1,0.18830044567584991,0.41238701343536377,
511,0,0.34739720821380615,0.023952387273311615,
512,0,0.3111332356929779,-0.37306326627731323,
513,1,0.036654192954301834,-0.2481975555419922,
514,1,0.6408562660217285,0.4946190416812897,
515,0,-0.13112539052963257,-0.0697789341211319,
516,1,-0.14713263511657715,-0.023895516991615295,
517,1,0.5438603758811951,0.15907174348831177,
518,0,0.42882123589515686,0.018222875893115997,
519,0,0.25976020097732544,-0.12624260783195496,
520,0,0.6655575633049011,0.5551865100860596,
521,0,-0.15615001320838928,-0.18105006217956543,
522,1,-0.10729803144931793,0.11926903575658798,
523,0,0.42408832907676697,-0.2950878143310547,
524,1,0.5061766505241394,-0.23586764931678772,
525,1,-0.2919794023036957,0.0017049387097358704,
526,1,-0.1821732372045517,-0.2724059224128723,
527,0,-0.01567969098687172,0.12344076484441757,
528,0,-0.017363999038934708,-0.4398886263370514,
529,0,-0.25684261322021484,0.048745475709438324,
530,0,0.427946537733078,0.8528569936752319,
531,0,0.3167168200016022,-0.07540283352136612,
532,1,0.12920156121253967,-0.13441604375839233,
533,0,0.411996990442276,0.7026185989379883,
534,1,0.1862603724002838,0.17889660596847534,
535,0,1.1124615669250488,0.11024779826402664,
536,1,-0.4078894257545471,0.023331105709075928,
537,1,-0.14960800111293793,0.32526761293411255,
538,1,-0.10120509564876556,0.004943870007991791,
539,1,0.1843777894973755,0.19023743271827698,
540,0,0.4650183618068695,-0.6525017619132996,
541,1,0.7600557804107666,-0.033353157341480255,
542,0,0.11678576469421387,0.10782917588949203,
543,1,-0.1506192982196808,-0.18143314123153687,
544,1,0.49141815304756165,0.12653124332427979,
545,0,0.3777928054332733,0.025636419653892517,
546,1,0.3904353380203247,0.11159273236989975,
547,1,0.28618958592414856,-0.7382916212081909,
548,1,0.295297771692276,0.07262904942035675,
549,1,-0.6807641386985779,-0.15168622136116028,
550,0,0.5815739631652832,-0.1865541636943817,
551,1,0.1354212909936905,0.4581969678401947,
552,0,0.19903182983398438,0.4329092502593994,
553,0,-0.2532714009284973,0.172512024641037,
554,0,0.18854007124900818,0.4855169653892517,
555,0,0.7095365524291992,-0.15554213523864746,
556,1,0.19892263412475586,0.4422259032726288,
557,0,-0.10196296870708466,0.21399012207984924,
558,0,0.3512363135814667,1.0688139200210571,
559,0,0.2169555127620697,-0.4749911427497864,
560,0,0.7956070303916931,-0.25983500480651855,
561,0,0.597827136516571,0.3635367453098297,
562,1,0.45720812678337097,0.22283697128295898,
563,0,-0.06394380331039429,-0.00318937748670578,
564,0,0.2793194651603699,-0.05012902617454529,
565,0,0.8630163073539734,-0.43520301580429077,
566,1,-0.06071612611413002,-0.3087577223777771,
567,0,-0.2391844540834427,-1.1071699857711792,
568,0,-0.012879680842161179,-0.4412843883037567,
569,0,0.3409503102302551,0.182377427816391,
570,1,-0.346944123506546,0.04585004225373268,
571,0,0.27675846219062805,-0.057731665670871735,
572,0,0.11906158924102783,0.07595827430486679,
573,0,0.16704438626766205,-0.32085928320884705,
574,1,0.7127639055252075,-0.15557554364204407,
575,0,0.289144366979599,0.10541114211082458,
576,0,0.3550695478916168,-0.2204071283340454,
577,1,-0.2004023790359497,0.1260317862033844,
578,1,0.9511732459068298,-0.03001059591770172,
579,1,0.044830795377492905,-0.12450393289327621,
580,1,0.6224560141563416,-0.08778587728738785,
581,1,0.23006579279899597,-0.36252260208129883,
582,1,0.9086964726448059,-0.2801761329174042,
583,0,-0.13219016790390015,0.17122948169708252,
584,0,0.1722719371318817,-0.150233656167984,
585,1,0.06682732701301575,0.02925228327512741,
586,1,-0.12326380610466003,0.01428414136171341,
587,0,-0.17177914083003998,0.4792914092540741,
588,0,0.12479481101036072,-0.08282525092363358,
589,1,0.2383258044719696,0.11120002716779709,
590,1,-0.24690395593643188,-0.08562556654214859,
591,0,0.11017194390296936,0.09125541150569916,
592,0,0.44280925393104553,0.1464100182056427,
593,1,0.21892991662025452,-0.4539029896259308,
594,0,-0.5700696110725403,0.0832938477396965,
595,0,0.3923634886741638,0.03275982290506363,
596,0,0.43867841362953186,0.3829573094844818,
597,0,0.09695249795913696,0.2129705250263214,
598,0,-0.054827794432640076,-0.0319196954369545,
599,1,0.42676445841789246,-0.4361136853694916,
600,1,0.05420264974236488,0.40906962752342224,
601,1,0.2313695251941681,0.5675428509712219,
602,1,-0.03568103536963463,0.5925269722938538,
603,0,0.4040026068687439,-0.04352881759405136,
604,0,0.8752996325492859,-0.2745674252510071,
605,1,0.25384312868118286,0.29560649394989014,
606,1,0.6447957158088684,-0.18653693795204163,
607,0,0.9035486578941345,0.0572996661067009,
608,0,0.14185936748981476,-0.2674429714679718,
609,0,0.22610631585121155,0.5722875595092773,
610,1,-0.05607755109667778,-0.16052934527397156,
611,1,0.31604093313217163,0.3689042329788208,
612,1,-0.70027756690979,0.448074072599411,
613,0,0.5721588134765625,0.06592074781656265,
614,1,-0.28912317752838135,0.22327685356140137,
615,1,-0.15840238332748413,-0.07892319560050964,
616,1,0.6254799962043762,-0.0311887264251709,
617,0,-0.030177120119333267,0.8227242231369019,
618,0,0.403656929731369,-0.05291274935007095,
619,0,0.04305185005068779,0.08525107055902481,
620,0,0.09278479218482971,0.2835270166397095,
621,0,0.45800045132637024,-0.2221164107322693,
622,0,0.8972609639167786,0.041054729372262955,
623,1,-0.12444265186786652,-0.14356127381324768,
624,0,0.927070140838623,0.6002829074859619,
625,1,0.22669625282287598,-0.04144755005836487,
626,1,0.5493885278701782,-0.029463544487953186,
627,0,0.3313957154750824,0.1535523533821106,
628,0,0.4789678156375885,0.48953378200531006,
629,1,0.8789277672767639,-0.6407797336578369,
630,0,-0.7041117548942566,-0.048455506563186646,
631,1,0.523575484752655,-0.2426842451095581,
632,0,-0.07571364939212799,-0.6756262183189392,
633,0,0.19244377315044403,-0.09569329768419266,
634,1,0.34127357602119446,0.03877145051956177,
635,1,0.15604268014431,-0.711965024471283,
636,0,0.6765905022621155,0.7606011629104614,
637,0,-0.2197628617286682,-0.5125056505203247,
638,0,-0.18166734278202057,0.4023142457008362,
639,0,0.4257884621620178,0.3536611795425415,
640,0,-0.20817038416862488,-0.09161112457513809,
641,1,-0.03950049355626106,0.29547756910324097,
642,0,0.44554948806762695,-0.21797659993171692,
643,1,0.3186182975769043,0.40055787563323975,
644,1,0.40963414311408997,0.32387587428092957,
645,0,0.14585651457309723,-0.3282260298728943,
646,0,0.8503341674804688,0.4170362949371338,
647,1,-0.17825540900230408,-0.004636451601982117,
648,0,0.40477147698402405,-0.527800440788269,
649,1,0.2849225699901581,-0.12849754095077515,
650,1,0.38853317499160767,0.10634364932775497,
651,0,0.8297730684280396,0.1085706278681755,
652,0,0.1204269677400589,0.2910877764225006,
653,1,0.24880880117416382,-0.3667331337928772,
654,0,0.4832595884799957,-0.06522772461175919,
655,0,-0.11740463972091675,0.04134172946214676,
656,1,-0.05768882855772972,-0.5964739322662354,
657,1,-0.14438742399215698,0.497370183467865,
658,1,-0.0060777924954891205,0.31936171650886536,
659,1,1.0840749740600586,0.3575824499130249,
660,1,0.1099906861782074,-0.4013611674308777,
661,1,0.5391913056373596,0.3631274998188019,
662,1,0.2230604588985443,0.02891712076961994,
663,1,0.4949251711368561,-0.04993321746587753,
664,0,-0.3142041265964508,0.1052827462553978,
665,1,0.3809247612953186,0.07365045696496964,
666,0,0.772331953048706,-0.014062482863664627,
667,0,0.7921095490455627,-0.5081712007522583,
668,0,0.22395458817481995,0.37708455324172974,
669,1,0.35349228978157043,0.47669023275375366,
670,1,0.38327062129974365,-0.08694452792406082,
671,0,-0.01598445698618889,-0.051737867295742035,
672,0,0.04783471301198006,0.5441784858703613,
673,1,-0.485590398311615,0.037336818873882294,
674,1,0.3348327875137329,0.5071907639503479,
675,1,-0.35315507650375366,0.29236936569213867,
676,1,0.13281568884849548,0.2055542767047882,
677,1,-0.315194696187973,0.1069970652461052,
678,1,-0.3276525139808655,0.34550535678863525,
679,0,0.1969727873802185,-0.39578676223754883,
680,1,0.06937381625175476,0.27447280287742615,
681,0,0.8154422640800476,0.27305424213409424,
682,1,0.2633398175239563,-0.05542432516813278,
683,0,-0.6772624254226685,0.12835589051246643,
684,0,0.6605574488639832,-0.0027503594756126404,
685,0,0.34580376744270325,0.10743170231580734,
686,1,0.09245555102825165,0.029049847275018692,
687,0,-0.15356478095054626,0.4243719279766083,
688,1,0.18937963247299194,0.25803127884864807,
689,1,0.22064897418022156,-0.2816235423088074,
690,1,0.04275684431195259,-0.43811550736427307,
691,0,1.0395758152008057,0.0762319266796112,
692,0,0.7203183770179749,0.4710015654563904,
693,1,0.17077523469924927,-0.44108715653419495,
694,0,0.1730637103319168,-0.2697610855102539,
695,1,0.5448815226554871,-0.15537351369857788,
696,0,0.08072015643119812,-0.07306217402219772,
697,0,-0.10520908236503601,0.7308991551399231,
698,1,-0.07458558678627014,1.211303472518921,
699,1,0.6284387707710266,0.1488371193408966,
700,0,0.6608590483665466,0.32590436935424805,
701,0,0.5188068747520447,0.24181222915649414,
702,1,-0.024551574140787125,-0.4981898069381714,
703,0,0.4802570641040802,-0.13339900970458984,
704,1,-0.41245710849761963,-0.16049984097480774,
705,0,0.8904575705528259,-0.5167224407196045,
706,0,0.018824215978384018,-0.2520764172077179,
707,1,0.21208050847053528,0.052969902753829956,
708,0,0.8976683020591736,0.2195056676864624,
709,0,0.5038263201713562,0.20314040780067444,
710,0,0.5666677355766296,0.29936596751213074,
711,1,-0.07981370389461517,-0.4568101167678833,
712,1,-0.21797268092632294,0.2286529242992401,
713,1,0.24124851822853088,0.06795657426118851,
714,0,0.31577515602111816,0.29908186197280884,
715,0,0.17790399491786957,-0.09188497811555862,
716,0,0.4517745077610016,-0.13224416971206665,
717,1,0.03841278329491615,0.12180718779563904,
718,1,-0.1776849925518036,-0.18651887774467468,
719,1,-0.36776435375213623,-0.48213183879852295,
720,0,0.2878551483154297,0.4539596438407898,
721,1,0.5799983739852905,-0.14157578349113464,
722,1,0.21756359934806824,-0.03189197927713394,
723,0,0.27692994475364685,-0.09397821873426437,
724,1,0.32881227135658264,0.270582914352417,
725,0,0.4211179316043854,0.117308109998703,
726,0,0.6359514594078064,-0.11624787002801895,
727,0,0.28469762206077576,-0.31831514835357666,
728,0,0.305841326713562,0.22338733077049255,
729,0,0.09069573879241943,0.026504866778850555,
730,1,0.7163851857185364,0.2527424395084381,
731,1,-0.37231287360191345,0.1585414707660675,
732,1,-0.09435670077800751,0.18268945813179016,
733,1,0.26462483406066895,-0.049469344317913055,
734,0,-0.02867261692881584,-1.2309828996658325,
735,1,-0.13168375194072723,-0.11578021198511124,
736,0,0.36111363768577576,-0.1864064335823059,
737,0,-0.08177578449249268,-0.8977097868919373,
738,0,-0.2872569262981415,-0.2517716586589813,
739,1,0.18878993391990662,0.14246228337287903,
740,0,-0.029685359448194504,0.26755744218826294,
741,1,0.4964180886745453,0.18381521105766296,
742,0,0.1530189961194992,-0.2915806472301483,
743,1,-0.6728488802909851,-0.26837626099586487,
744,1,0.4445813298225403,0.027911938726902008,
745,0,0.1168573796749115,0.021130207926034927,
746,0,0.5021762251853943,0.4693506360054016,
747,0,0.49319735169410706,0.11689141392707825,
748,1,-0.353974848985672,-0.393925279378891,
749,1,0.6248631477355957,-0.3095382750034332,
750,1,0.30666449666023254,0.2797298729419708,
751,1,0.15786948800086975,-0.03854437917470932,
752,1,-0.18827131390571594,-0.43373608589172363,
753,1,0.6265683770179749,0.2340821921825409,
754,1,-0.4249754548072815,0.18504038453102112,
755,0,0.5987932085990906,0.5883205533027649,
756,1,0.08516006171703339,-0.511996865272522,
757,0,0.18063464760780334,0.24084392189979553,
758,1,0.5611281991004944,-0.16150254011154175,
759,0,0.6684198975563049,0.5668896436691284,
760,0,0.3957847058773041,-0.44451943039894104,
761,1,0.492749959230423,0.022576667368412018,
762,0,0.2536238729953766,0.38360658288002014,
763,1,0.9518412947654724,0.7407112121582031,
764,1,-0.4061020314693451,-0.25720369815826416,
765,0,-0.10309836268424988,-0.3285706639289856,
766,0,0.1323070526123047,0.5377378463745117,
767,1,1.1945106983184814,0.3781811594963074,
768,0,0.32300350069999695,0.2625957429409027,
769,0,0.025637205690145493,0.15407094359397888,
770,1,0.28343814611434937,0.02154303342103958,
771,0,0.23717713356018066,-0.15133926272392273,
772,0,0.8862606287002563,0.3278236985206604,
773,0,-0.034478362649679184,-0.06522472202777863,
774,0,0.2824973165988922,0.33464425802230835,
775,1,-0.15404093265533447,-0.05601457506418228,
776,1,0.8522643446922302,0.8284198045730591,
777,0,0.21287336945533752,0.23162442445755005,
778,0,0.776517927646637,0.6723467111587524,
779,1,-0.5762839317321777,0.46905577182769775,
780,0,-0.18481366336345673,-0.4596785306930542,
781,0,-0.24364426732063293,-0.26982739567756653,
782,0,0.0600414015352726,-0.16418913006782532,
783,1,0.30557194352149963,0.24838340282440186,
784,1,0.39265671372413635,0.3438189625740051,
785,1,-0.5589978694915771,-0.27541181445121765,
786,0,0.07905441522598267,-0.09541640430688858,
787,0,0.13146281242370605,-0.13929715752601624,
788,0,0.06895427405834198,0.06833444535732269,
789,1,0.3747182786464691,0.2983662188053131,
790,1,-0.00836033746600151,-0.1456606686115265,
791,0,0.40661248564720154,0.2151792049407959,
792,1,0.4575781524181366,0.17344912886619568,
793,1,0.385986864566803,0.3016260266304016,
794,1,-0.20949530601501465,-0.499114990234375,
795,0,0.4091742932796478,-0.36966684460639954,
796,0,0.061313141137361526,-0.33258673548698425,
797,0,0.683488667011261,0.12449020892381668,
798,0,0.10803024470806122,0.41677775979042053,
799,1,1.0347588062286377,-0.458702027797699,
800,0,0.10948976874351501,-0.3720841407775879,
801,0,0.3273022770881653,1.0672968626022339,
802,0,-0.38733360171318054,-0.5205508470535278,
803,1,0.05671350285410881,0.3943076431751251,
804,0,0.36811357736587524,0.11891989409923553,
805,0,0.6357588768005371,0.8298999071121216,
806,1,0.35405129194259644,-0.09054245799779892,
807,1,-0.18238486349582672,0.1079084649682045,
808,0,0.12007631361484528,-0.1182977482676506,
809,1,-0.2146170735359192,0.008382581174373627,
810,0,0.42464208602905273,0.0012111440300941467,
811,1,0.7567129135131836,-0.08436185866594315,
812,0,0.3246555030345917,0.07595749199390411,
813,0,0.3831632435321808,0.3472767472267151,
814,0,0.10495193302631378,-0.3336448669433594,
815,0,0.308192640542984,-0.27191439270973206,
816,1,-0.01596267893910408,-0.1597805619239807,
817,0,0.14132589101791382,-0.5259001851081848,
818,0,0.9038779139518738,0.7601351141929626,
819,1,0.602854311466217,-0.03991938382387161,
820,1,0.26639416813850403,0.03232523426413536,
821,1,0.34197571873664856,0.0019456073641777039,
822,1,0.03342197462916374,-0.33760732412338257,
823,0,-0.053141798824071884,0.12965825200080872,
824,1,0.6663864254951477,0.040145181119441986,
825,1,-0.2933617830276489,-0.18975910544395447,
826,1,0.36323878169059753,-0.2195168137550354,
827,0,0.2641867995262146,-1.1614574193954468,
828,1,0.18456237018108368,-0.48409444093704224,
829,0,0.3276307284832001,-0.0687175765633583,
830,1,0.6052976250648499,-0.6377324461936951,
831,1,0.17524760961532593,-0.2546076774597168,
832,0,0.15677109360694885,-0.3738985061645508,
833,0,-0.3062143325805664,-0.0746350958943367,
834,1,0.7425923347473145,0.06697448343038559,
835,1,0.9264054298400879,0.577871561050415,
836,1,-0.5532981753349304,0.007749475538730621,
837,1,-0.2440027892589569,0.10675348341464996,
838,0,0.5172091722488403,-0.9951406717300415,
839,0,0.20644085109233856,-0.11297387629747391,
840,1,-0.4140736162662506,-0.03579982370138168,
841,1,0.6022265553474426,0.22472596168518066,
842,1,-0.24615880846977234,-0.40165942907333374,
843,0,0.1295885443687439,-0.39371758699417114,
844,0,0.5335373282432556,0.2032380998134613,
845,1,0.3903604745864868,-0.10741590708494186,
846,1,0.48068419098854065,0.5453227758407593,
847,1,0.5403771996498108,0.250198096036911,
848,0,0.32203617691993713,-0.1587543785572052,
849,0,0.5054362416267395,0.12900349497795105,
850,0,0.3591988980770111,0.5878595113754272,
851,0,0.7984530329704285,0.32584866881370544,
852,0,-0.1437329202890396,-0.2159525752067566,
853,1,0.493757039308548,-0.16020610928535461,
854,0,0.7790922522544861,0.6299798488616943,
855,0,-0.4934179484844208,0.8184905052185059,
856,0,0.1993623971939087,0.22292473912239075,
857,0,0.3921981751918793,-0.04126014560461044,
858,0,0.7483015656471252,0.2130337953567505,
859,0,0.47905024886131287,0.07964420318603516,
860,0,1.0502254962921143,0.11907411366701126,
861,1,0.10817943513393402,0.5726926326751709,
862,1,0.46984198689460754,0.09792854636907578,
863,1,0.3954586684703827,0.09011729806661606,
864,0,0.19812630116939545,0.31438782811164856,
865,1,0.307496577501297,-0.32816582918167114,
866,1,-0.6791380047798157,0.15570485591888428,
867,1,0.37880244851112366,0.6680266857147217,
868,1,0.48191437125205994,-0.36837080121040344,
869,1,-0.08763103187084198,-0.4747146964073181,
870,0,0.05129622295498848,-0.2515728771686554,
871,1,-0.07080940902233124,0.19316580891609192,
872,0,0.43432101607322693,-0.4288538098335266,
873,1,-0.008514117449522018,0.3467874526977539,
874,0,0.449154257774353,0.6314102411270142,
875,0,0.7599489092826843,0.024433523416519165,
876,1,0.49594804644584656,-0.025491230189800262,
877,0,0.05205291137099266,-0.3261035084724426,
878,1,0.6035850644111633,-0.011714421212673187,
879,0,0.5147596001625061,0.41441166400909424,
880,0,0.24759146571159363,-0.03617050498723984,
881,1,0.29943254590034485,0.11974366009235382,
882,1,0.09747008979320526,0.10530918091535568,
883,0,0.5951803922653198,-0.5309455394744873,
884,1,0.37637558579444885,0.08829166740179062,
885,1,0.5848601460456848,0.25123679637908936,
886,0,1.2820696830749512,0.3793240785598755,
887,1,-0.31935927271842957,-0.7362505197525024,
888,0,0.2040460854768753,-0.24521541595458984,
889,1,0.4206992983818054,-0.2564846873283386,
890,0,0.5191414952278137,0.19187799096107483,
891,1,0.4911767542362213,0.3123539090156555,
892,0,-0.619284987449646,0.14517390727996826,
893,0,0.996101438999176,-0.09084304422140121,
894,0,0.8024264574050903,0.5907291769981384,
895,0,0.09417109191417694,0.18310758471488953,
896,1,0.3709685504436493,0.5396870970726013,
897,0,0.3267703354358673,-0.34955793619155884,
898,0,0.2647107243537903,-0.04423727095127106,
899,0,0.19371113181114197,-0.04226087033748627,
900,0,0.35160285234451294,-0.921271026134491,
901,0,0.12095773220062256,0.20253893733024597,
902,1,0.632565975189209,0.1293298900127411,
903,1,-0.3167092204093933,0.2587127983570099,
904,0,0.4213448762893677,-0.05823943763971329,
905,0,0.27829304337501526,0.9749281406402588,
906,0,0.9660679697990417,0.26495805382728577,
907,1,-0.07440601289272308,-0.08501056581735611,
908,1,-0.03573286160826683,-0.07331178337335587,
909,0,0.2957303822040558,0.0981159433722496,
910,0,0.17783784866333008,0.28620561957359314,
911,0,0.4735654294490814,0.2605975866317749,
912,0,0.05302879586815834,0.28579452633857727,
913,0,0.14283761382102966,-0.4933784008026123,
914,1,0.23019370436668396,-0.3441113233566284,
915,0,0.3607539236545563,0.072412870824337,
916,0,0.04910072311758995,0.05644930154085159,
917,0,-0.16178220510482788,0.2050965428352356,
918,1,0.3174397051334381,0.005053505301475525,
919,1,-0.20348477363586426,-0.033460281789302826,
920,1,0.31573131680488586,0.3026767373085022,
921,0,0.5176863074302673,0.2855270206928253,
922,1,-0.3284675180912018,0.06730520725250244,
923,0,0.2542403042316437,-0.709896445274353,
924,1,0.7374308705329895,-0.2501145005226135,
925,1,0.15697339177131653,0.5143006443977356,
926,1,-0.09556829929351807,-0.20016294717788696,
927,0,0.49878552556037903,0.3000071048736572,
928,0,0.21008190512657166,0.3733024001121521,
929,0,0.7157772183418274,0.6393957734107971,
930,1,0.14506015181541443,-0.30768105387687683,
931,0,0.17449578642845154,1.034513235092163,
932,0,0.5694382786750793,-0.476357102394104,
933,0,0.12234874069690704,0.034753572195768356,
934,1,-0.11849428713321686,-0.14592993259429932,
935,0,0.5479853749275208,0.22570043802261353,
936,0,0.18651264905929565,-0.07655250281095505,
937,1,0.28687673807144165,-0.34481000900268555,
938,0,0.376370906829834,0.1742669641971588,
939,0,0.40956705808639526,-0.32203638553619385,
940,1,0.09087872505187988,0.06277691572904587,
941,1,0.22016450762748718,-0.3679733872413635,
942,0,0.05838966742157936,-0.06256826221942902,
943,1,0.12048448622226715,-0.19824710488319397,
944,1,0.34332311153411865,0.0004944726824760437,
945,0,0.28702837228775024,0.05048166960477829,
946,0,0.2847321033477783,-0.11406437307596207,
947,1,0.019094880670309067,0.1192920133471489,
948,1,-0.5256969332695007,-0.45384687185287476,
949,1,0.41948023438453674,0.1419045329093933,
950,0,0.08934202790260315,-0.16770023107528687,
951,1,-0.21972647309303284,0.6450919508934021,
952,0,0.1933439075946808,-0.08951998502016068,
953,1,-0.5447958707809448,-0.7218691110610962,
954,0,0.28188231587409973,-0.4367713928222656,
955,1,-0.0026609040796756744,0.07216814905405045,
956,0,0.26527366042137146,-0.522739589214325,
957,1,0.5214077830314636,-0.22166657447814941,
958,0,0.21623444557189941,-0.14070802927017212,
959,1,-0.10484117269515991,0.04415690898895264,
960,1,0.03317425027489662,0.049954645335674286,
961,0,-0.07011625170707703,0.08656582236289978,
962,1,0.025467921048402786,0.010685507208108902,
963,1,1.218318223953247,-0.22163677215576172,
964,0,-0.005013022571802139,-0.17701923847198486,
965,1,0.5852248072624207,0.43969935178756714,
966,0,0.22401660680770874,0.2722720205783844,
967,0,-0.007196258753538132,0.39961040019989014,
968,0,0.7104758620262146,0.0010933391749858856,
969,0,-0.035093825310468674,-0.2980559468269348,
970,0,-0.338907927274704,-0.5837473273277283,
971,1,0.19804500043392181,0.12036707252264023,
972,1,0.15847209095954895,-0.340597927570343,
973,0,0.2174721360206604,0.25656744837760925,
974,1,-0.5036566257476807,-0.16704720258712769,
975,0,0.29070407152175903,0.6864075064659119,
976,0,0.4579731822013855,-0.2170048952102661,
977,1,0.7803295850753784,0.7400280237197876,
978,1,-0.2834939658641815,-0.28480392694473267,
979,1,0.06364427506923676,-0.053159333765506744,
980,0,0.892773449420929,0.30627530813217163,
981,1,-0.4183908998966217,-0.5518603324890137,
982,1,1.1188116073608398,-0.06672246009111404,
983,0,-0.08264394104480743,0.07064258307218552,
984,0,0.46894344687461853,-0.524263322353363,
985,0,0.0936976969242096,-0.4442191421985626,
986,1,-0.06267589330673218,0.15538683533668518,
987,1,0.18916113674640656,0.4204099774360657,
988,0,0.8173014521598816,-0.46978819370269775,
989,1,0.43386372923851013,0.3053053915500641,
990,1,0.2699567377567291,-0.0314817950129509,
991,0,0.19612717628479004,0.11823049187660217,
992,0,-0.1448666900396347,-0.2998005151748657,
993,1,0.6640069484710693,0.9088862538337708,
994,0,1.3823657035827637,0.2647746801376343,
995,1,0.24707826972007751,-0.17513731122016907,
996,1,0.3786018192768097,0.2783541977405548,
997,1,0.1577482372522354,0.2527637481689453,
998,1,0.11324435472488403,-0.07413623481988907,
999,1,0.6753609776496887,-0.1319158971309662,
1000,0,0.24524691700935364,-0.3590981960296631,
1001,0,0.007576171308755875,0.1950264275074005,
1002,0,0.07390142977237701,-0.3044024705886841,
1003,0,1.493245005607605,0.0400877371430397,
1004,0,0.3687938153743744,0.6400277614593506,
1005,1,0.06780017912387848,-0.40834885835647583,
1006,0,0.3475373089313507,0.5127471089363098,
1007,0,0.3964732587337494,-0.8700759410858154,
1008,0,0.3094763159751892,0.030793622136116028,
1009,1,0.5542286038398743,0.4035969078540802,
1010,1,0.9557273387908936,-0.47589313983917236,
1011,0,0.6682825684547424,0.36661019921302795,
1012,0,1.1668400764465332,0.3957991600036621,
1013,0,0.5827605128288269,-0.302643358707428,
1014,0,1.166643738746643,-0.1711817979812622,
1015,0,0.4834308326244354,0.03780699521303177,
1016,1,0.4157380163669586,0.3293614387512207,
1017,1,0.08016225695610046,0.20318171381950378,
1018,0,0.2332342267036438,0.4815123677253723,
1019,0,0.48532095551490784,0.41274935007095337,
1020,0,1.224130392074585,-0.03901968151330948,
1021,0,0.5793444514274597,-0.579884946346283,
1022,1,0.4561631381511688,0.2432297170162201,
1023,0,0.41290482878685,0.6126173734664917,
1024,0,0.2662854492664337,-0.35572904348373413,
1025,1,0.11917923390865326,-0.11035380512475967,
1026,0,1.1610243320465088,0.03480525687336922,
1027,0,0.04477984085679054,0.20039615035057068,
1028,1,0.5728182792663574,0.1631871461868286,
1029,1,0.5633521676063538,-0.03608854115009308,
1030,1,-0.16144289076328278,0.25868868827819824,
1031,1,-0.2649673819541931,-0.5600950121879578,
1032,0,0.5669761896133423,1.3571956157684326,
1033,0,0.5907798409461975,0.06826067715883255,
1034,0,0.09169048070907593,-0.12432899326086044,
1035,1,0.4965105354785919,0.1896965503692627,
1036,0,0.1304098218679428,-0.04746479541063309,
1037,1,0.5515010356903076,0.31358078122138977,
1038,0,0.11490753293037415,-0.18279308080673218,
1039,0,0.20214128494262695,-0.32204875349998474,
1040,0,-1.1090184450149536,0.1368860900402069,
1041,0,-0.08237767219543457,-0.05446004867553711,
1042,1,0.9536409974098206,0.320957213640213,
1043,0,0.2549654543399811,-0.3809787631034851,
1044,0,0.15732790529727936,0.08347054570913315,
1045,1,0.36702391505241394,0.3271164894104004,
1046,1,0.06837870180606842,-0.19280588626861572,
1047,1,1.0658948421478271,0.18422502279281616,
1048,0,0.8085594773292542,0.5578263998031616,
1049,1,0.3511168658733368,-0.29478487372398376,
1050,0,0.2592560350894928,0.5070770382881165,
1051,0,-0.6023258566856384,0.14667782187461853,
1052,0,0.8685216307640076,0.35791894793510437,
1053,0,0.8602885603904724,-0.09971838444471359,
1054,1,0.4079342484474182,0.28598713874816895,
1055,1,0.1192135214805603,0.0041523948311805725,
1056,0,0.4842064678668976,-0.26751595735549927,
1057,0,0.468071311712265,0.15366891026496887,
1058,0,-0.1077071875333786,-0.1656019687652588,
1059,1,-0.39491987228393555,0.16000807285308838,
1060,1,0.9304166436195374,0.3509966731071472,
1061,0,0.23912879824638367,0.2570532560348511,
1062,0,0.39368706941604614,-0.629399299621582,
1063,0,0.40534508228302,0.17888277769088745,
1064,1,0.08749464154243469,0.04693688452243805,
1065,1,0.0007734782993793488,0.458010196685791,
1066,0,-0.15886290371418,-0.4217832386493683,
1067,0,0.35398069024086,0.017108410596847534,
1068,0,-0.12662266194820404,0.543146014213562,
1069,0,-0.2605011761188507,-0.33509522676467896,
1070,0,0.1242421418428421,-0.3940250873565674,
1071,1,-0.7509946227073669,0.03121771663427353,
1072,0,0.1765556037425995,-0.6661459803581238,
1073,1,-0.653243362903595,-0.7575761079788208,
1074,1,0.393067866563797,0.36547940969467163,
1075,1,-0.2462615817785263,0.2999057471752167,
1076,1,0.3756731450557709,-0.1484653353691101,
1077,0,-0.2500537633895874,0.02217819169163704,
1078,1,0.25042787194252014,0.38536515831947327,
1079,0,0.5870749950408936,0.0050576068460941315,
1080,1,-0.1458573192358017,-0.8130753040313721,
1081,0,0.5015766024589539,-0.04646681249141693,
1082,1,0.014241781085729599,0.02525877207517624,
1083,1,-0.25870025157928467,-0.13270840048789978,
1084,1,0.5405482649803162,0.7307504415512085,
1085,1,0.27180248498916626,-0.08780951052904129,
1086,1,-0.04695547744631767,0.03955044597387314,
1087,1,0.94407719373703,0.31116339564323425,
1088,1,-0.01810229942202568,-0.2191098928451538,
1089,0,0.4053255617618561,-0.006453134119510651,
1090,0,0.6770848631858826,0.05882374197244644,
1091,0,0.7731033563613892,0.2512234151363373,
1092,1,-0.15254002809524536,0.23369911313056946,
1093,0,-0.08929809927940369,0.3237777650356293,
1094,1,0.7456368803977966,-0.3082360327243805,
1095,1,0.00446699932217598,0.5532599091529846,
1096,0,1.203450322151184,0.8545253872871399,
1097,0,0.34275978803634644,-0.07918120920658112,
1098,1,0.104128897190094,-0.1577584445476532,
1099,0,0.20456434786319733,0.2064116895198822,
1100,0,0.007808428257703781,-0.04713595658540726,
1101,0,0.10795164108276367,-0.10464473813772202,
1102,0,0.06543198227882385,-0.19670823216438293,
1103,0,0.6257150173187256,-0.5972493290901184,
1104,0,1.0239588022232056,-0.19715315103530884,
1105,1,0.6364101767539978,0.16825589537620544,
1106,0,0.4791988432407379,0.2735896110534668,
1107,1,-0.13535217940807343,-0.49370718002319336,
1108,0,0.4233512878417969,-0.036886267364025116,
1109,0,0.2511690855026245,-0.18737897276878357,
1110,0,0.643377959728241,-0.037012629210948944,
1111,1,-0.2666654884815216,-0.2163713574409485,
1112,0,0.41841408610343933,0.05236470326781273,
1113,0,0.29810014367103577,-0.043088480830192566,
1114,1,0.6606038808822632,0.2781420052051544,
1115,0,0.2025691270828247,0.41493865847587585,
1116,0,0.9063573479652405,-0.32258665561676025,
1117,1,0.3128604590892792,0.07819149643182755,
1118,0,-0.020497988909482956,0.5523223876953125,
1119,1,0.6004305481910706,0.5238890647888184,
1120,0,0.416217178106308,-0.0784512385725975,
1121,1,-0.03096628561615944,0.5084437131881714,
1122,0,-0.3516521751880646,0.08792108297348022,
1123,1,0.6206123232841492,-0.23181328177452087,
1124,0,-0.07697249948978424,0.03883446753025055,
1125,1,-0.0035950876772403717,-0.012599378824234009,
1126,0,0.32371994853019714,-0.18838131427764893,
1127,0,0.3124295771121979,0.28155332803726196,
1128,1,-0.18517453968524933,-0.026013366878032684,
1129,0,0.0245150588452816,0.2492963671684265,
1130,0,1.2024641036987305,0.48781073093414307,
1131,1,-0.48862770199775696,-0.14851436018943787,
1132,1,0.21548447012901306,-0.5027694702148438,
1133,1,0.1759699285030365,0.19163581728935242,
1134,0,-0.11035118997097015,-0.14689186215400696,
1135,0,0.3092659115791321,0.14744403958320618,
1136,0,0.2795499265193939,0.4030262231826782,
1137,1,0.5494399070739746,0.2098073661327362,
1138,1,0.11574563384056091,0.43416929244995117,
1139,1,0.23937132954597473,0.5423375368118286,
1140,0,-0.142136812210083,-0.03867822140455246,
1141,0,0.582146167755127,-0.6897127628326416,
1142,1,0.34125253558158875,0.24583423137664795,
1143,1,-0.9039604067802429,-0.40721938014030457,
1144,0,-0.0840621292591095,0.023780182003974915,
1145,0,0.4663373529911041,0.2099267840385437,
1146,0,0.25124630331993103,-0.437250554561615,
1147,1,0.8976045250892639,0.08457726240158081,
1148,0,0.45089226961135864,0.022665929049253464,
1149,1,0.8152759671211243,-0.07129444926977158,
1150,1,0.09701967239379883,0.30487143993377686,
1151,1,0.3966112434864044,-0.1603057086467743,
1152,0,0.24831518530845642,-0.4289836883544922,
1153,1,0.07474285364151001,0.3679909408092499,
1154,0,-0.025738425552845,-0.24137535691261292,
1155,0,-0.012842930853366852,-0.3611378073692322,
1156,1,-0.33664461970329285,-0.2240782082080841,
1157,0,0.3352649211883545,0.026682229712605476,
1158,0,0.1999322772026062,0.28256756067276,
1159,1,0.5844182968139648,0.018649443984031677,
1160,1,0.283290296792984,1.1203079223632812,
1161,1,0.3173690736293793,0.696374237537384,
1162,0,0.07130283117294312,0.2720519006252289,
1163,0,-0.1600329577922821,-0.2503068149089813,
1164,0,1.1655654907226562,0.05617212504148483,
1165,0,1.0507259368896484,0.3326553702354431,
1166,0,0.10950927436351776,0.12934136390686035,
1167,1,0.0009499825537204742,0.4002998471260071,
1168,1,0.23478326201438904,0.00030737370252609253,
1169,0,0.1422038972377777,-0.4069732129573822,
1170,1,-0.43509435653686523,-0.30773216485977173,
1171,1,0.2818913161754608,-0.22207605838775635,
1172,0,0.6029887795448303,-0.09310770779848099,
1173,0,0.7594097256660461,0.37082362174987793,
1174,0,-0.1537971943616867,0.3816649317741394,
1175,0,0.5679650902748108,-0.07750510424375534,
1176,0,0.8167651295661926,0.7183247804641724,
1177,1,-0.5773972868919373,-0.12619751691818237,
1178,0,0.17266026139259338,-0.34783369302749634,
1179,1,-0.7282893061637878,-0.14822816848754883,
1180,1,0.5017921328544617,0.0985957458615303,
1181,0,0.6894297003746033,0.3576386868953705,
1182,0,0.511157751083374,-0.1514260172843933,
1183,0,0.7178987860679626,0.15805229544639587,
1184,1,-0.00841641053557396,0.8539631366729736,
1185,0,0.4140219986438751,0.4300713837146759,
1186,0,0.12478616833686829,0.11902723461389542,
1187,1,0.03011414036154747,0.3202689588069916,
1188,0,0.8194644451141357,0.11247795075178146,
1189,0,0.5315341949462891,-0.02613789588212967,
1190,0,0.29136747121810913,0.3179291784763336,
1191,0,0.7932119965553284,0.25076085329055786,
1192,1,0.2335790991783142,-0.11164002865552902,
1193,1,-0.3751472532749176,-0.009859584271907806,
1194,0,-0.3354244828224182,-0.06249610334634781,
1195,0,-0.28486207127571106,-0.7248764038085938,
1196,1,0.538677453994751,-0.05748151242733002,
1197,0,-0.33581072092056274,-0.1843130886554718,
1198,1,0.02618126943707466,0.5316500663757324,
1199,0,0.6992222666740417,0.05570056289434433,
1200,1,-0.4012255072593689,0.0005434975028038025,
1201,0,0.042888011783361435,-0.01666010171175003,
1202,0,0.4162062704563141,-0.04561331123113632,
1203,1,0.3615238070487976,-0.03053266555070877,
1204,0,0.4551912844181061,0.1774638295173645,
1205,1,-0.08010153472423553,0.0525517463684082,
1206,1,0.19286900758743286,0.16253343224525452,
1207,0,0.19456765055656433,0.08414515107870102,
1208,1,0.16871580481529236,-0.5160250067710876,
1209,0,-0.23804417252540588,-0.15585866570472717,
1210,0,0.027039971202611923,-0.08989819139242172,
1211,0,-0.2858884036540985,-0.37531426548957825,
1212,0,-0.022427495568990707,-0.03407119959592819,
1213,1,0.014592785388231277,-0.22525691986083984,
1214,0,-0.1560581624507904,-0.005374476313591003,
1215,1,0.03756376728415489,-0.08643243461847305,
1216,0,0.3200036585330963,0.29408735036849976,
1217,1,0.7257804274559021,0.7027086019515991,
1218,0,0.15987759828567505,0.011911086738109589,
1219,1,0.8874600529670715,-0.4979206919670105,
1220,1,0.4900849163532257,-0.002269364893436432,
1221,0,0.913099467754364,0.1400584876537323,
1222,1,-0.6804007887840271,0.007725857198238373,
1223,1,0.0005800575017929077,0.09180642664432526,
1224,0,0.04773738607764244,0.17570412158966064,
1225,1,0.42054763436317444,-0.18289899826049805,
1226,0,0.17620889842510223,-0.3449980914592743,
1227,0,0.3214751183986664,-0.620410144329071,
1228,0,0.08472394943237305,0.2945253551006317,
1229,1,1.2118827104568481,0.21857532858848572,
1230,0,0.5974109768867493,0.04622116684913635,
1231,0,0.3718675673007965,0.25097477436065674,
1232,0,0.5906459093093872,0.4867490231990814,
1233,1,-0.09525544941425323,-0.47994208335876465,
1234,1,-0.1209792047739029,0.43814152479171753,
1235,1,0.10540057718753815,0.04644323140382767,
1236,0,0.10714028775691986,0.8461258411407471,
1237,1,0.22693553566932678,-0.03657039254903793,
1238,1,-0.06315401196479797,0.570021390914917,
1239,0,0.6658928394317627,0.5394929051399231,
1240,0,-0.11063039302825928,-0.1702871322631836,
1241,0,0.3874785006046295,0.6400005221366882,
1242,1,-0.09559796750545502,-0.016137488186359406,
1243,0,-0.045031528919935226,0.03992112725973129,
1244,1,-0.2584362030029297,0.4129248261451721,
1245,0,0.2652786076068878,-0.2641226649284363,
1246,1,-0.2289590984582901,-0.03098035603761673,
1247,0,0.9383186101913452,-0.3471183180809021,
1248,1,-0.19795995950698853,-0.6231203079223633,
1249,1,0.21733906865119934,-0.061190880835056305,
1250,0,0.07022587954998016,-0.3775925040245056,
1251,1,-0.6115947365760803,-0.15406537055969238,
1252,0,0.28616172075271606,-0.20101788640022278,
1253,0,0.35609862208366394,-0.07900641113519669,
1254,0,0.9515087008476257,0.051952727138996124,
1255,1,-0.7473585605621338,-0.35177695751190186,
1256,0,0.5598484873771667,0.20368695259094238,
1257,1,0.3536308705806732,0.18685397505760193,
1258,1,0.31283673644065857,0.018854975700378418,
1259,0,0.37065139412879944,0.16342316567897797,
1260,0,0.17768990993499756,-0.319967657327652,
1261,1,0.210267573595047,-0.1428811252117157,
1262,0,0.2643994390964508,0.14990973472595215,
1263,1,0.7059605717658997,-0.07019247859716415,
1264,1,0.6403537392616272,-0.17301055788993835,
1265,0,-0.08117695152759552,-0.3722924590110779,
1266,0,0.9638072848320007,0.23713091015815735,
1267,0,0.1774718314409256,-0.19984036684036255,
1268,1,-0.40494003891944885,0.020279884338378906,
1269,1,0.10210782289505005,-0.04071549326181412,
1270,1,0.19272786378860474,-0.20338961482048035,
1271,0,0.29140612483024597,0.30551955103874207,
1272,0,0.09421168267726898,0.06639740616083145,
1273,1,-0.05374952405691147,-0.0008407086133956909,
1274,1,-0.1604630947113037,0.12263360619544983,
1275,1,-0.046319324523210526,-0.4184090197086334,
1276,1,0.12762713432312012,-0.26558005809783936,
1277,1,-0.07989448308944702,-0.08279476314783096,
1278,1,0.11579902470111847,0.1421172320842743,
1279,1,-0.2517785429954529,-0.04680263251066208,
1280,1,0.45862025022506714,0.15401196479797363,
1281,1,0.4199362099170685,-0.6385470032691956,
1282,0,0.3917641341686249,0.56324303150177,
1283,0,-0.6725255250930786,1.0163688659667969,
1284,0,0.11135049164295197,0.0020629502832889557,
1285,1,-0.09895020723342896,0.45874226093292236,
1286,0,0.27380362153053284,-0.030209608376026154,
1287,0,0.3825435936450958,-0.09432891756296158,
1288,1,0.4165797531604767,0.6495413780212402,
1289,1,0.06313489377498627,-0.024984262883663177,
1290,1,0.5721250176429749,-0.4768673777580261,
1291,0,0.07690529525279999,0.18414205312728882,
1292,0,0.06959497928619385,-0.050485022366046906,
1293,0,0.9702813029289246,-0.16003254055976868,
1294,1,-0.548271894454956,0.0966169610619545,
1295,1,0.20139531791210175,-0.08870802074670792,
1296,1,0.2523854672908783,0.08592432737350464,
1297,0,-0.24418902397155762,-0.18207904696464539,
1298,1,0.46269717812538147,0.05767751485109329,
1299,1,-0.3669259548187256,-0.07996956259012222,
1300,0,-0.3113955557346344,-0.3437651991844177,
1301,0,0.8463477492332458,0.7818684577941895,
1302,1,0.06046297028660774,-0.10135451704263687,
1303,1,0.544734001159668,-0.27172374725341797,
1304,1,0.789135754108429,0.30670541524887085,
1305,0,-0.4969671666622162,-0.41865044832229614,
1306,1,-0.2366400510072708,0.4325326085090637,
1307,1,0.49693945050239563,0.04983723908662796,
1308,0,-0.030092310160398483,-0.23741787672042847,
1309,0,0.19153746962547302,-0.087859146296978,
1310,0,0.5494495630264282,0.10371891409158707,
1311,0,0.6323130130767822,0.08053836226463318,
1312,0,0.08569207787513733,-0.0805334821343422,
1313,0,-0.1227131187915802,-0.05401106923818588,
1314,0,0.13526389002799988,-0.43960997462272644,
1315,1,0.7639995217323303,-0.04693862050771713,
1316,1,-0.018274087458848953,0.4807209372520447,
1317,0,-0.20260366797447205,-0.6809849739074707,
1318,0,0.33006545901298523,0.7310211658477783,
1319,0,0.6722232699394226,1.1789625883102417,
1320,1,0.31482312083244324,-0.7420223355293274,
1321,1,0.19286003708839417,0.3702324628829956,
1322,0,-0.4827289283275604,0.008940495550632477,
1323,0,0.8110135197639465,0.13804471492767334,
1324,0,0.04386395588517189,0.13532978296279907,
1325,1,1.2089881896972656,0.0012715086340904236,
1326,1,0.19754013419151306,-0.274002343416214,
1327,1,-0.35426074266433716,-0.01638501137495041,
1328,1,0.3333163857460022,0.13548794388771057,
1329,0,0.29571807384490967,-0.05240815877914429,
1330,0,0.24081462621688843,-0.06085880100727081,
1331,1,0.002378854900598526,-0.0128866508603096,
1332,1,0.007342945784330368,-0.0008414313197135925,
1333,1,-0.23065821826457977,0.3843725919723511,
1334,1,0.027792412787675858,0.07585688680410385,
1335,0,0.5080912113189697,0.00801568478345871,
1336,0,-0.023840706795454025,0.48652714490890503,
1337,0,0.07191295921802521,0.08080290257930756,
1338,0,0.03586016967892647,0.1209230050444603,
1339,1,0.6078786253929138,0.052139900624752045,
1340,0,0.20245930552482605,0.47961920499801636,
1341,0,-0.23998205363750458,0.04673843830823898,
1342,1,-0.13957107067108154,-0.026877589523792267,
1343,1,0.7805294394493103,0.4167432487010956,
1344,0,0.11339110136032104,0.385686457157135,
1345,0,-0.03313472494482994,0.20320793986320496,
1346,0,0.2893044650554657,0.2882181406021118,
1347,1,0.10834616422653198,0.1557503640651703,
1348,0,0.41373497247695923,0.4458942413330078,
1349,1,0.40999549627304077,0.12660342454910278,
1350,0,-0.08042484521865845,0.5564115047454834,
1351,0,0.5248479843139648,-0.30736562609672546,
1352,1,-0.21818605065345764,-0.3026917576789856,
1353,0,0.09623061120510101,-0.23776918649673462,
1354,1,-0.6489923596382141,-0.5221033096313477,
1355,0,0.5638119578361511,0.1387738287448883,
1356,0,0.6914460062980652,-0.03489675372838974,
1357,0,0.2421686053276062,0.4216955900192261,
1358,0,0.37290459871292114,0.28959575295448303,
1359,1,0.5264922976493835,0.1344950944185257,
1360,1,0.27279770374298096,0.12954801321029663,
1361,1,0.18608707189559937,0.26734843850135803,
1362,1,0.7986154556274414,0.08463320881128311,
1363,0,0.5050556659698486,0.7578575611114502,
1364,0,0.3285510241985321,0.44367751479148865,
1365,1,0.7491021752357483,0.42926615476608276,
1366,1,-0.05723255127668381,0.4234521985054016,
1367,1,0.16375891864299774,-0.20339038968086243,
1368,0,0.5724217295646667,0.22014352679252625,
1369,1,0.003903958946466446,-0.2405644655227661,
1370,1,0.2176022231578827,-0.02378319948911667,
1371,0,0.34451931715011597,0.18264397978782654,
1372,1,0.15247851610183716,0.17948418855667114,
1373,0,0.3347439467906952,0.05983343720436096,
1374,1,0.3628086745738983,0.2937003970146179,
1375,0,0.34608903527259827,0.5388087630271912,
1376,1,-0.1398959457874298,-0.31808847188949585,
1377,1,-0.5654497742652893,-0.39154714345932007,
1378,0,-0.4004851281642914,-0.11165044456720352,
1379,1,0.11943922936916351,-0.49608343839645386,
1380,1,0.4697493612766266,0.23977729678153992,
1381,1,0.01116156205534935,0.13065791130065918,
1382,1,-0.42915380001068115,-0.3449075520038605,
1383,0,0.06749936938285828,-0.05351046472787857,
1384,1,0.08338969945907593,0.19953006505966187,
1385,1,0.7034812569618225,-0.3791322708129883,
1386,1,0.7043658494949341,-0.39242082834243774,
1387,1,0.6262610554695129,0.06656699627637863,
1388,1,0.053126025944948196,0.067794069647789,
1389,0,1.0816775560379028,-0.05997307598590851,
1390,0,0.06495565176010132,-0.061827756464481354,
1391,0,0.20726189017295837,-0.19755885004997253,
1392,1,-0.3267877697944641,-0.548293948173523,
1393,0,0.7139647006988525,0.6931197047233582,
1394,0,0.019995231181383133,0.025251612067222595,
1395,0,-0.20109209418296814,0.4911152422428131,
1396,1,0.007768247276544571,-0.13587063550949097,
1397,1,0.5257565379142761,0.0697450190782547,
1398,0,0.2883901596069336,0.06301727145910263,
1399,0,0.6275469660758972,0.5816468000411987,
1400,0,0.0146581269800663,0.09721914678812027,
1401,0,0.416294664144516,0.08006911724805832,
1402,1,0.2209203541278839,0.02445831149816513,
1403,1,0.10875773429870605,-0.2878186106681824,
1404,1,-0.13579875230789185,0.4190075099468231,
1405,0,0.15358670055866241,0.809787392616272,
1406,0,0.20398418605327606,0.016004951670765877,
1407,0,0.5029265284538269,-0.057640016078948975,
1408,0,0.46322301030158997,0.2590596377849579,
1409,0,-0.001649167388677597,-0.3205169439315796,
1410,0,1.0239543914794922,-0.1326705813407898,
1411,0,0.21047961711883545,-0.19525647163391113,
1412,0,-0.02867673709988594,-0.47436583042144775,
1413,0,0.8841624855995178,0.500522792339325,
1414,1,-0.14144130051136017,-0.20723822712898254,
1415,0,0.07200789451599121,0.3788965046405792,
1416,0,0.5188196301460266,-0.48465895652770996,
1417,0,0.17097926139831543,0.13420137763023376,
1418,1,0.6624268889427185,-0.6503833532333374,
1419,0,0.12280890345573425,-0.1365596055984497,
1420,1,0.5524947047233582,0.5628798604011536,
1421,0,0.625181257724762,0.4642465114593506,
1422,1,0.20727738738059998,0.18111121654510498,
1423,0,0.5785607099533081,-0.004293486475944519,
1424,1,-0.45631274580955505,-0.09466824680566788,
1425,1,0.9057096838951111,-0.572040319442749,
1426,1,-0.30761680006980896,0.02937418222427368,
1427,1,0.30677852034568787,0.1047578826546669,
1428,0,0.2726942300796509,0.2974349558353424,
1429,1,0.15114948153495789,-0.6978471875190735,
1430,1,0.3385719954967499,-0.48449957370758057,
1431,0,1.1421271562576294,0.3636368215084076,
1432,0,0.10831308364868164,-0.2816445827484131,
1433,0,0.3079553246498108,-0.14208057522773743,
1434,0,0.11817193031311035,-0.033380039036273956,
1435,1,0.035330045968294144,0.36461734771728516,
1436,0,0.06423388421535492,-0.007353827357292175,
1437,0,-0.3768789768218994,-0.5244598984718323,
1438,0,0.9064638018608093,0.12183145433664322,
1439,0,-0.1335243284702301,0.20041123032569885,
1440,0,0.11512459814548492,-0.09102321416139603,
1441,1,0.13825634121894836,0.9490978121757507,
1442,0,0.5454177856445312,-0.2079412043094635,
1443,0,-0.39789193868637085,-0.2553238570690155,
1444,0,-0.05818883702158928,-0.3047886788845062,
1445,1,0.3616638779640198,0.7842422723770142,
1446,1,0.5691043734550476,0.08203953504562378,
1447,0,-0.21911755204200745,0.4020487070083618,
1448,1,0.4052744209766388,0.06456854939460754,
1449,0,-0.09725585579872131,-1.1760873794555664,
1450,0,0.25387927889823914,0.3732416331768036,
1451,0,-0.18911778926849365,-0.009095519781112671,
1452,0,0.2268224060535431,-0.12143123894929886,
1453,1,0.1115688681602478,-0.12227145582437515,
1454,0,0.11861693859100342,-0.6043645739555359,
1455,1,0.6707547307014465,-0.16035735607147217,
1456,1,0.4233972132205963,1.0958027839660645,
1457,0,-0.12823700904846191,-0.15746602416038513,
1458,1,-0.5985106229782104,0.5323577523231506,
1459,1,0.14739879965782166,0.2093437910079956,
1460,1,0.2614805996417999,0.18675822019577026,
1461,0,0.0950557142496109,0.46292972564697266,
1462,0,0.5618915557861328,0.1742839217185974,
1463,0,0.09512041509151459,-0.4731253385543823,
1464,0,1.1428089141845703,-0.0707898736000061,
1465,0,0.7227516770362854,0.28685709834098816,
1466,0,0.49726149439811707,-0.6252095699310303,
1467,0,-0.005623888224363327,-0.10201124101877213,
1468,1,0.5349658131599426,0.243557870388031,
1469,1,-0.23331162333488464,-0.22793814539909363,
1470,0,0.7040843963623047,-0.09072843939065933,
1471,1,0.19162055850028992,-0.4041600525379181,
1472,1,0.11110731959342957,-0.5131527185440063,
1473,1,0.34515056014060974,0.3519105613231659,
1474,0,0.3369707763195038,0.875922679901123,
1475,1,0.17202001810073853,0.06087591499090195,
1476,1,0.3954932391643524,-0.24741166830062866,
1477,0,0.08744890987873077,-0.05393834412097931,
1478,1,0.16689768433570862,-0.2462727129459381,
1479,1,-0.37243565917015076,0.8066093921661377,
1480,1,0.6125355958938599,0.12980607151985168,
1481,1,-0.050636570900678635,-0.264573872089386,
1482,1,0.4878522455692291,0.04961920529603958,
1483,0,0.16757895052433014,0.16155004501342773,
1484,1,-0.33692091703414917,-0.40096110105514526,
1485,0,-0.06240968033671379,-0.16446048021316528,
1486,0,0.648106575012207,0.49202099442481995,
1487,0,0.0672963559627533,-0.3806896507740021,
1488,0,0.5912338495254517,0.5316200852394104,
1489,1,-0.02994685247540474,1.3275504112243652,
1490,1,-0.19066768884658813,-0.3559074103832245,
1491,1,0.7683501839637756,0.1886170506477356,
1492,0,0.4839535057544708,-0.39014625549316406,
1493,1,-0.19421380758285522,-0.19926226139068604,
1494,1,0.2940804064273834,0.12506860494613647,
1495,0,0.05534917488694191,0.4602070748806,
1496,1,0.9641819596290588,-0.3634263277053833,
1497,1,0.44231459498405457,-0.5596150159835815,
1498,1,0.3855801522731781,-0.5941494703292847,
1499,0,0.42072346806526184,-0.09723196178674698,
1500,1,0.0694492906332016,-0.0949401929974556,
1501,0,0.9639446139335632,0.05380862206220627,
1502,0,0.3539050817489624,0.7911393046379089,
1503,1,-0.1775253713130951,0.06948201358318329,
1504,1,-0.2552577257156372,0.024479232728481293,
1505,1,-0.04846958816051483,0.10242053121328354,
1506,1,0.47364452481269836,0.7124574780464172,
1507,1,0.6822770833969116,0.258963018655777,
1508,0,0.021589267998933792,0.2914648950099945,
1509,0,0.6193919777870178,0.7943332195281982,
1510,0,0.3212411105632782,0.12030539661645889,
1511,0,0.230216383934021,-0.5068399906158447,
1512,1,0.38207823038101196,0.11213522404432297,
1513,0,-0.08759500086307526,-0.06176762282848358,
1514,1,0.8099090456962585,0.12226616591215134,
1515,1,-0.05616113916039467,-0.10451234132051468,
1516,1,0.3932761549949646,0.37177103757858276,
1517,1,-0.40213367342948914,0.6043527126312256,
1518,0,0.9752783179283142,0.32775405049324036,
1519,1,1.046406865119934,-0.16433203220367432,
1520,1,0.6125821471214294,0.05879694223403931,
1521,1,0.24369889497756958,-0.5976556539535522,
1522,1,-0.16446083784103394,0.050668977200984955,
1523,0,0.0928402990102768,0.15407124161720276,
1524,1,-0.2503732740879059,-0.24486681818962097,
1525,0,-0.6350179314613342,0.5233532786369324,
1526,1,1.5339715480804443,-0.13397186994552612,
1527,0,0.45234739780426025,-0.09194622188806534,
1528,0,-0.5140988826751709,-0.3380948305130005,
1529,0,0.6055598855018616,-0.30615681409835815,
1530,0,0.15864935517311096,0.34343162178993225,
1531,0,0.27851590514183044,-0.4425301253795624,
1532,1,0.34757199883461,0.28281307220458984,
1533,0,-0.7467815279960632,0.13168776035308838,
1534,1,0.5120001435279846,-0.8218017220497131,
1535,1,-0.04001442715525627,-0.4228084981441498,
1536,1,-0.09050051867961884,0.03463657945394516,
1537,1,0.7862150073051453,0.9112525582313538,
1538,0,0.21132943034172058,0.5363944172859192,
1539,1,0.8467096090316772,-0.3009559214115143,
